<?xml version="1.0" encoding="utf-8"?>
<extension version="3.3" type="plugin" group="editors-xtd" method="upgrade">
    <name>Embed Google Map - Editor Button</name>
    <author></author>
    <creationDate></creationDate>
    <copyright>Copyright (C) Open Source Matters. All rights reserved.</copyright>
    <license>GNU General Public License version 2 or later</license>
    <authorEmail></authorEmail>
    <authorUrl></authorUrl>
    <version>1.0.0</version>
   <description>Provides a button to enable a Google Map to be inserted into an Article. A popup allows you to override some default settings to be used.</description>
    <files>
           <filename plugin="embed_google_map">embed_google_map.php</filename>
 	      <filename>embed_google_map.css</filename>
    </files>
       <languages>
            <language tag="en-GB">en-GB.plg_editors-xtd_embed_google_map.ini</language>
            <language tag="en-GB">en-GB.plg_editors-xtd_embed_google_map.sys.ini</language>
            <language tag="hu-HU">hu-HU.plg_editors-xtd_embed_google_map.ini</language>
            <language tag="hu-HU">hu-HU.plg_editors-xtd_embed_google_map.sys.ini</language>
       </languages>
  </extension>
